<TICKER>;<PER>;<DATE>;<TIME>;<OPEN>;<HIGH>;<LOW>;<CLOSE>;<VOL>
SHY;D;160104;000000;84.48;84.49;84.46;84.48;1165550
SHY;D;160105;000000;84.44;84.46;84.422;84.45;318916
SHY;D;160106;000000;84.48;84.48;84.45;84.4651;427353
SHY;D;160107;000000;84.53;84.53;84.47;84.48;352538
SHY;D;160108;000000;84.53;84.545;84.506;84.54;398123
SHY;D;160111;000000;84.54;84.58;84.5201;84.58;1007947
SHY;D;160112;000000;84.54;84.57;84.53;84.56;243550
SHY;D;160113;000000;84.59;84.6193;84.57;84.6099;200707
SHY;D;160114;000000;84.65;84.67;84.63;84.66;327581
SHY;D;160115;000000;84.73;84.77;84.71;84.75;308982
SHY;D;160119;000000;84.72;84.745;84.705;84.73;4376847
SHY;D;160120;000000;84.78;84.839;84.779;84.79;2119618
SHY;D;160121;000000;84.81;84.815;84.76;84.78;2318151
SHY;D;160122;000000;84.71;84.75;84.71;84.75;3167900
SHY;D;160125;000000;84.73;84.761;84.73;84.75;1792387
SHY;D;160126;000000;84.75;84.795;84.75;84.79;1159125
SHY;D;160127;000000;84.74;84.81;84.725;84.81;1728028
SHY;D;160128;000000;84.8;84.83;84.78;84.81;1248215
SHY;D;160129;000000;84.9;84.91;84.865;84.91;1484545
SHY;D;160201;000000;84.84;84.84;84.81;84.82;5019703
SHY;D;160202;000000;84.86;84.93;84.86;84.93;2522780
SHY;D;160203;000000;84.91;85.01;84.91;84.95;1866515
SHY;D;160204;000000;84.95;84.98;84.95;84.97;1296250
SHY;D;160205;000000;84.91;84.96;84.905;84.95;1232052
SHY;D;160208;000000;85.01;85.065;85;85.05;1449120
SHY;D;160209;000000;85.08;85.08;85.001;85.02;1900924
SHY;D;160210;000000;84.95;85.029;84.95;85.02;1051734
SHY;D;160211;000000;85.15;85.175;85.09;85.1;1771344
SHY;D;160212;000000;85.06;85.08;85;85;1174710
SHY;D;160216;000000;84.99;85;84.95;84.95;2517740
SHY;D;160217;000000;84.92;84.97;84.915;84.97;1917571
SHY;D;160218;000000;84.94;85.04;84.94;85.04;820966
SHY;D;160219;000000;84.98;85;84.96;84.96;963035
SHY;D;160222;000000;84.93;84.97;84.93;84.97;1084797
SHY;D;160223;000000;84.96;85;84.95;84.98;1192915
SHY;D;160224;000000;85.02;85.08;84.985;85;1053855
SHY;D;160225;000000;85.01;85.04;85.005;85.02;1479045
SHY;D;160226;000000;84.96;84.96;84.9;84.91;1880000
SHY;D;160229;000000;84.88;84.96;84.88;84.96;2562234
SHY;D;160301;000000;84.9;84.91;84.79;84.8;4380254
SHY;D;160302;000000;84.77;84.8;84.755;84.79;2470240
SHY;D;160303;000000;84.78;84.82;84.77;84.82;4342891
SHY;D;160304;000000;84.77;84.79;84.75;84.76;1505438
SHY;D;160307;000000;84.72;84.735;84.7;84.7;1981761
SHY;D;160308;000000;84.76;84.8;84.75;84.76;2871363
SHY;D;160309;000000;84.75;84.755;84.73;84.73;1258034
SHY;D;160310;000000;84.7;84.72;84.682;84.72;2205499
SHY;D;160311;000000;84.68;84.68;84.63;84.64;4071240
SHY;D;160314;000000;84.67;84.67;84.64;84.64;1855377
SHY;D;160315;000000;84.68;84.68;84.64;84.67;1458896
SHY;D;160316;000000;84.59;84.84;84.55;84.84;5041473
SHY;D;160317;000000;84.8;84.83;84.78;84.83;1582855
SHY;D;160318;000000;84.85;84.875;84.84;84.85;2948638
SHY;D;160321;000000;84.83;84.84;84.805;84.84;28116
SHY;D;160322;000000;84.85;84.85;84.775;84.79;1851471
SHY;D;160323;000000;84.79;84.855;84.79;84.84;1347928
SHY;D;160324;000000;84.85;84.85;84.8;84.8;800192
SHY;D;160328;000000;84.82;84.85;84.82;84.82;3176989
SHY;D;160329;000000;84.85;84.98;84.85;84.98;1059321
SHY;D;160330;000000;84.97;85;84.93;84.99;1291206
SHY;D;160331;000000;85.02;85.05;85;85.03;1507965
SHY;D;160401;000000;84.93;84.965;84.915;84.93;5081547
SHY;D;160404;000000;84.95;84.99;84.935;84.99;2142331
SHY;D;160405;000000;85;85.02;84.98;85.02;4419758
SHY;D;160406;000000;85.01;85.01;84.96;84.99;1009723
SHY;D;160407;000000;85.01;85.06;85.005;85.04;1464574
SHY;D;160408;000000;85.01;85.05;85.01;85.04;582374
SHY;D;160411;000000;85.02;85.05;85.015;85.03;836412
SHY;D;160412;000000;85.01;85.015;85;85.01;517842
SHY;D;160413;000000;84.99;84.99;84.97;84.97;1354608
SHY;D;160414;000000;84.98;84.985;84.95;84.97;1086622
SHY;D;160415;000000;84.98;85.03;84.98;85.03;706967
SHY;D;160418;000000;85.01;85.02;85;85.02;851180
SHY;D;160419;000000;85.02;85.02;84.975;84.99;1481870
SHY;D;160420;000000;85.01;85.01;84.925;84.93;1063540
SHY;D;160421;000000;84.9;84.94;84.9;84.91;1569284
SHY;D;160422;000000;84.91;84.92;84.9;84.91;2485511
SHY;D;160425;000000;84.9;84.92;84.89;84.89;1393729
SHY;D;160426;000000;84.89;84.89;84.865;84.87;958234
SHY;D;160427;000000;84.9;84.93;84.85;84.93;717779
SHY;D;160428;000000;84.94;85.01;84.93;84.98;684242
SHY;D;160429;000000;84.97;85.03;84.97;85.01;1572947
SHY;D;160502;000000;84.94;84.95;84.92;84.93;1012157
SHY;D;160503;000000;85.03;85.03;84.985;85.02;3757697
SHY;D;160504;000000;85.03;85.03;84.98;85.01;1562307
SHY;D;160505;000000;85.03;85.065;84.99;85.04;548494
SHY;D;160506;000000;85.09;85.095;85.02;85.02;1086112
SHY;D;160509;000000;85.08;85.08;85.05;85.06;594789
SHY;D;160510;000000;85.07;85.08;85.045;85.08;1848954
SHY;D;160511;000000;85.06;85.07;85.045;85.05;1589187
SHY;D;160512;000000;85.03;85.04;84.995;85.01;558139
SHY;D;160513;000000;84.99;85.03;84.98;85.02;1100876
SHY;D;160516;000000;85;85;84.955;84.97;581553
SHY;D;160517;000000;84.95;84.961;84.92;84.94;775287
SHY;D;160518;000000;84.86;84.895;84.78;84.79;3366129
SHY;D;160519;000000;84.81;84.85;84.81;84.81;1583935
SHY;D;160520;000000;84.81;84.85;84.8;84.84;1910348
SHY;D;160523;000000;84.79;84.83;84.79;84.83;633838
SHY;D;160524;000000;84.8;84.805;84.77;84.77;708485
SHY;D;160525;000000;84.8;84.82;84.775;84.82;5225365
SHY;D;160526;000000;84.83;84.88;84.83;84.87;1240529
SHY;D;160527;000000;84.87;84.885;84.8;84.82;682909
SHY;D;160531;000000;84.78;84.885;84.78;84.86;1356914
SHY;D;160601;000000;84.81;84.83;84.75;84.75;1241112
SHY;D;160602;000000;84.78;84.82;84.78;84.82;2618845
SHY;D;160603;000000;84.97;84.985;84.955;84.96;1825026
SHY;D;160606;000000;84.95;84.98;84.92;84.94;662615
SHY;D;160607;000000;84.95;84.985;84.95;84.96;603169
SHY;D;160608;000000;84.95;84.99;84.95;84.98;884609
SHY;D;160609;000000;85.02;85.02;84.985;85;783069
SHY;D;160610;000000;85.01;85.07;85.01;85.05;411563
SHY;D;160613;000000;85.08;85.105;85.07;85.07;589950
SHY;D;160614;000000;85.13;85.13;85.08;85.08;954491
SHY;D;160615;000000;85.07;85.32;85.07;85.18;701227
SHY;D;160616;000000;85.18;85.2;85.125;85.13;1110655
SHY;D;160617;000000;85.14;85.15;85.11;85.11;1553091
SHY;D;160620;000000;85.08;85.09;85.055;85.09;1260525
SHY;D;160621;000000;85.07;85.09;85.03;85.03;907072
SHY;D;160622;000000;85.07;85.08;85.045;85.06;1721682
SHY;D;160623;000000;85.03;85.045;85.005;85.03;2286061
SHY;D;160624;000000;85.28;85.3;85.2;85.2;2232684
SHY;D;160627;000000;85.3;85.349;85.28;85.28;97319
SHY;D;160628;000000;85.27;85.31;85.26;85.31;1529537
SHY;D;160629;000000;85.25;85.285;85.25;85.28;756826
SHY;D;160630;000000;85.29;85.33;85.28;85.32;2181724
SHY;D;160701;000000;85.33;85.33;85.25;85.3;3501474
SHY;D;160705;000000;85.31;85.345;85.3;85.34;1935331
SHY;D;160706;000000;85.31;85.335;85.28;85.3;5696462
SHY;D;160707;000000;85.27;85.295;85.245;85.26;1044658
SHY;D;160708;000000;85.24;85.265;85.205;85.26;1069410
SHY;D;160711;000000;85.21;85.23;85.17;85.175;1493819
SHY;D;160712;000000;85.17;85.17;85.11;85.14;5929685
SHY;D;160713;000000;85.17;85.18;85.141;85.16;821818
SHY;D;160714;000000;85.1;85.141;85.095;85.11;621109
SHY;D;160715;000000;85.1;85.1;85.07;85.07;1378226
SHY;D;160718;000000;85.11;85.12;85.095;85.12;721351
SHY;D;160719;000000;85.11;85.13;85.1;85.13;700624
SHY;D;160720;000000;85.09;85.095;85.075;85.09;610064
SHY;D;160721;000000;85.08;85.15;85.08;85.15;448183
SHY;D;160722;000000;85.11;85.131;85.1;85.12;16996
SHY;D;160725;000000;85.1;85.1;85.06;85.06;124853
SHY;D;160726;000000;85.09;85.09;85.05;85.07;224336
SHY;D;160727;000000;85.07;85.13;85.05;85.13;108085
SHY;D;160728;000000;85.12;85.15;85.1;85.12;251922
SHY;D;160729;000000;85.18;85.23;85.17;85.23;997189
SHY;D;160801;000000;85.11;85.15;85.11;85.15;2538365
SHY;D;160802;000000;85.11;85.16;85.085;85.12;902863
SHY;D;160803;000000;85.15;85.16;85.1;85.13;3282099
SHY;D;160804;000000;85.17;85.2;85.16;85.19;543714
SHY;D;160805;000000;85.12;85.12;85.05;85.07;815736
SHY;D;160808;000000;85.04;85.07;85.02;85.04;2419291
SHY;D;160809;000000;85.06;85.09;85.03;85.09;2251119
SHY;D;160810;000000;85.11;85.13;85.09;85.13;940167
SHY;D;160811;000000;85.13;85.13;85.02;85.05;837692
SHY;D;160812;000000;85.14;85.1475;85.09;85.11;540498
SHY;D;160815;000000;85.08;85.1;85.06;85.09;814518
SHY;D;160816;000000;85.05;85.07;85.025;85.06;753376
SHY;D;160817;000000;85.03;85.1;85.005;85.06;922582
SHY;D;160818;000000;85.07;85.12;85.04;85.12;0
SHY;D;160819;000000;85.06;85.08;85.03;85.04;385000
SHY;D;160822;000000;85.07;85.08;85.045;85.05;428359
SHY;D;160823;000000;85.05;85.0799;85.04;85.06;447454
SHY;D;160824;000000;85.08;85.08;85.04;85.04;458915
SHY;D;160825;000000;85.04;85.04;85;85.01;520588
SHY;D;160826;000000;85.02;85.065;84.93;84.93;667671
SHY;D;160829;000000;84.93;85;84.93;84.98;121280
SHY;D;160830;000000;84.99;85.01;84.97;84.99;474952
SHY;D;160831;000000;85;85.03;84.98;84.98;893014
SHY;D;160901;000000;84.91;84.98;84.89;84.97;1151826
SHY;D;160902;000000;84.98;84.99;84.925;84.97;650142
SHY;D;160906;000000;84.96;85.08;84.95;85.04;1166469
SHY;D;160907;000000;85.06;85.08;85.03;85.03;1010940
SHY;D;160908;000000;85.02;85.04;84.97;84.97;591038
SHY;D;160909;000000;84.95;84.98;84.9266;84.97;2670727
SHY;D;160912;000000;84.95;85.01;84.94;84.97;2065448
SHY;D;160913;000000;84.99;85;84.91;84.94;1080280
SHY;D;160914;000000;84.96;85.02;84.96;84.99;1610624
SHY;D;160915;000000;85.01;85.08;84.99;85.06;10554891
SHY;D;160916;000000;85.02;85.05;85;85.02;822385
SHY;D;160919;000000;85;85.02;84.99;85;635300
SHY;D;160920;000000;85;85.01;84.98;84.98;941443
SHY;D;160921;000000;84.96;85;84.91;85;787150
SHY;D;160922;000000;84.99;85.02;84.97;84.98;727467
SHY;D;160923;000000;85;85.03;84.98;85.03;6980579
SHY;D;160926;000000;85.05;85.09;85.035;85.08;780174
SHY;D;160927;000000;85.11;85.11;85.06;85.09;623607
SHY;D;160928;000000;85.07;85.09;85.06;85.08;929074
SHY;D;160929;000000;85.05;85.11;85.03;85.11;630071
SHY;D;160930;000000;85.1;85.11;85.04;85.04;1324843
SHY;D;161003;000000;84.99;84.99;84.95;84.98;1229219
SHY;D;161004;000000;84.95;84.95;84.9;84.91;843802
SHY;D;161005;000000;84.94;84.94;84.86;84.86;1376541
SHY;D;161006;000000;84.86;84.91;84.85;84.86;644514
SHY;D;161007;000000;84.88;84.91;84.86;84.89;792915
SHY;D;161010;000000;84.86;84.87;84.83;84.85;908653
SHY;D;161011;000000;84.82;84.85;84.82;84.84;1232245
SHY;D;161012;000000;84.83;84.84;84.8;84.84;1275570
SHY;D;161013;000000;84.86;84.89;84.84;84.87;5097384
SHY;D;161014;000000;84.87;84.9;84.85;84.85;1456679
SHY;D;161017;000000;84.9;84.93;84.89;84.92;3649616
SHY;D;161018;000000;84.92;84.95;84.88;84.95;2012061
SHY;D;161019;000000;84.93;84.96;84.92;84.95;594133
SHY;D;161020;000000;84.95;84.95;84.9;84.91;2562048
SHY;D;161021;000000;84.93;84.94;84.9;84.93;991134
SHY;D;161024;000000;84.92;84.93;84.88;84.9;559941
SHY;D;161025;000000;84.89;84.92;84.87;84.9;3714878
SHY;D;161026;000000;84.88;84.89;84.86;84.87;468805
SHY;D;161027;000000;84.87;84.89;84.84;84.89;604655
SHY;D;161028;000000;84.86;84.93;84.86;84.89;1135019
SHY;D;161031;000000;84.92;84.95;84.92;84.95;1299203
SHY;D;161101;000000;84.87;84.94;84.86;84.9;7927359
SHY;D;161102;000000;84.93;84.97;84.91;84.95;1470291
SHY;D;161103;000000;84.92;84.96;84.92;84.96;2096731
SHY;D;161104;000000;84.95;85;84.94;84.99;1742639
SHY;D;161107;000000;84.93;84.96;84.92;84.96;2680721
SHY;D;161108;000000;84.93;84.94;84.86;84.87;1877743
SHY;D;161109;000000;84.89;84.905;84.76;84.76;1714682
SHY;D;161110;000000;84.79;84.84;84.73;84.73;1867923
SHY;D;161111;000000;84.75;84.77;84.7;84.73;3337029
SHY;D;161114;000000;84.64;84.69;84.6;84.6;18285755
SHY;D;161115;000000;84.6;84.63;84.59;84.63;2049548
SHY;D;161116;000000;84.61;84.6385;84.58;84.62;994866
SHY;D;161117;000000;84.62;84.63;84.59;84.61;1104821
SHY;D;161118;000000;84.59;84.61;84.53;84.56;2012563
SHY;D;161121;000000;84.55;84.5798;84.51;84.55;869706
SHY;D;161122;000000;84.53;84.58;84.52;84.53;2100457
SHY;D;161123;000000;84.47;84.52;84.45;84.48;1396429
SHY;D;161125;000000;84.47;84.51;84.46;84.47;336086
SHY;D;161128;000000;84.49;84.549;84.49;84.52;956691
SHY;D;161129;000000;84.5;84.57;84.5;84.53;1012822
SHY;D;161130;000000;84.5;84.54;84.5;84.5;1322061
SHY;D;161201;000000;84.4;84.45;84.3838;84.41;5758061
SHY;D;161202;000000;84.49;84.52;84.47;84.5;2399755
SHY;D;161205;000000;84.47;84.52;84.44;84.5;1804698
SHY;D;161206;000000;84.51;84.51;84.47;84.48;1297423
SHY;D;161207;000000;84.52;84.53;84.5;84.51;1235493
SHY;D;161208;000000;84.48;84.52;84.48;84.5;1239984
SHY;D;161209;000000;84.52;84.52;84.46;84.49;1130861
SHY;D;161212;000000;84.46;84.49;84.45;84.46;895270
SHY;D;161213;000000;84.46;84.46;84.41;84.45;1910591
SHY;D;161214;000000;84.45;84.46;84.25;84.29;1094819
SHY;D;161215;000000;84.25;84.29;84.23;84.25;1331395
SHY;D;161216;000000;84.27;84.33;84.26;84.29;827754
SHY;D;161219;000000;84.31;84.35;84.31;84.33;1244456
SHY;D;161220;000000;84.29;84.3499;84.28;84.34;1072125
SHY;D;161221;000000;84.35;84.38;84.34;84.38;1647110
SHY;D;161222;000000;84.31;84.34;84.3;84.34;1365559
SHY;D;161223;000000;84.34;84.34;84.32;84.34;1023600
SHY;D;161227;000000;84.29;84.31;84.28;84.3;875627
SHY;D;161228;000000;84.3;84.35;84.28;84.33;1295973
SHY;D;161229;000000;84.36;84.42;84.35;84.42;1205610
SHY;D;161230;000000;84.43;84.46;84.415;84.45;1066253
SHY;D;170103;000000;84.37;84.41;84.35;84.38;4142203
SHY;D;170104;000000;84.35;84.4;84.35;84.4;2014645
SHY;D;170105;000000;84.41;84.49;84.4;84.46;1444679
SHY;D;170106;000000;84.41;84.43;84.38;84.39;796796
SHY;D;170109;000000;84.43;84.46;84.42;84.46;968393
SHY;D;170110;000000;84.44;84.455;84.43;84.43;1048213
SHY;D;170111;000000;84.47;84.5;84.42;84.47;1127828
SHY;D;170112;000000;84.5;84.505;84.46;84.5;781018
SHY;D;170113;000000;84.46;84.46;84.3935;84.46;1424573
SHY;D;170117;000000;84.53;84.55;84.5;84.52;1309724
SHY;D;170118;000000;84.49;84.52;84.4235;84.44;961181
SHY;D;170119;000000;84.39;84.44;84.385;84.41;947785
SHY;D;170120;000000;84.42;84.5;84.42;84.46;1067456
SHY;D;170123;000000;84.52;84.57;84.49;84.54;1449751
SHY;D;170124;000000;84.53;84.5345;84.48;84.49;5246251
SHY;D;170125;000000;84.48;84.48;84.44;84.47;1398343
SHY;D;170126;000000;84.46;84.5;84.44;84.48;1602696
SHY;D;170127;000000;84.49;84.53;84.49;84.52;1027448
SHY;D;170130;000000;84.52;84.54;84.5;84.52;1305654
SHY;D;170131;000000;84.51;84.57;84.51;84.54;1141662
SHY;D;170201;000000;84.41;84.5;84.38;84.46;2027047
SHY;D;170202;000000;84.48;84.51;84.47;84.49;1284484
SHY;D;170203;000000;84.52;84.55;84.46;84.46;1256310
SHY;D;170206;000000;84.53;84.57;84.52;84.55;1612934
SHY;D;170207;000000;84.56;84.58;84.53;84.53;646011
SHY;D;170208;000000;84.57;84.61;84.55;84.61;1075625
SHY;D;170209;000000;84.58;84.59;84.52;84.54;1062473
SHY;D;170210;000000;84.51;84.5464;84.51;84.53;931787
SHY;D;170213;000000;84.5;84.52;84.49;84.51;640185
SHY;D;170214;000000;84.49;84.51;84.4254;84.45;757082
SHY;D;170215;000000;84.4;84.44;84.39;84.42;922515
SHY;D;170216;000000;84.45;84.5;84.4337;84.46;1372311
SHY;D;170217;000000;84.53;84.54;84.5;84.52;960135
SHY;D;170221;000000;84.51;84.53;84.49;84.53;784129
SHY;D;170222;000000;84.55;84.57;84.49;84.55;656665
SHY;D;170223;000000;84.57;84.6;84.57;84.59;1452701
SHY;D;170224;000000;84.62;84.67;84.62;84.63;510286
SHY;D;170227;000000;84.64;84.64;84.55;84.56;992055
SHY;D;170228;000000;84.57;84.6;84.52;84.52;997528
SHY;D;170301;000000;84.37;84.4;84.36;84.4;1470313
SHY;D;170302;000000;84.35;84.36;84.29;84.31;876451
SHY;D;170303;000000;84.32;84.36;84.2954;84.33;1232443
SHY;D;170306;000000;84.34;84.36;84.33;84.35;646518
SHY;D;170307;000000;84.33;84.34;84.3;84.32;593244
SHY;D;170308;000000;84.25;84.29;84.24;84.25;800885
SHY;D;170309;000000;84.26;84.27;84.23;84.24;830807
SHY;D;170310;000000;84.26;84.29;84.25;84.29;770737
SHY;D;170313;000000;84.28;84.29;84.25;84.25;820999
SHY;D;170314;000000;84.24;84.29;84.24;84.24;933541
SHY;D;170315;000000;84.26;84.41;84.24;84.4;1008193
SHY;D;170316;000000;84.35;84.39;84.34;84.34;896947
SHY;D;170317;000000;84.38;84.41;84.36;84.38;629662
SHY;D;170320;000000;84.4;84.43;84.3801;84.4259;776765
SHY;D;170321;000000;84.42;84.48;84.41;84.47;726278
SHY;D;170322;000000;84.51;84.53;84.49;84.49;813390
SHY;D;170323;000000;84.51;84.53;84.461;84.49;835898
SHY;D;170324;000000;84.48;84.52;84.47;84.49;1094136
SHY;D;170327;000000;84.54;84.57;84.51;84.52;908092
SHY;D;170328;000000;84.54;84.55;84.4601;84.48;716396
SHY;D;170329;000000;84.5;84.53;84.5;84.53;877561
SHY;D;170330;000000;84.5;84.53;84.49;84.51;535168
SHY;D;170331;000000;84.53;84.56;84.52;84.52;909292
SHY;D;170403;000000;84.48;84.54;84.48;84.54;1682218
SHY;D;170404;000000;84.52;84.52;84.49;84.51;667235
SHY;D;170405;000000;84.5;84.54;84.465;84.51;1001053
SHY;D;170406;000000;84.5;84.53;84.49;84.53;466277
SHY;D;170407;000000;84.51;84.54;84.42;84.42;437654
SHY;D;170410;000000;84.45;84.49;84.4416;84.46;544184
SHY;D;170411;000000;84.5;84.5667;84.5;84.54;511518
SHY;D;170412;000000;84.56;84.6;84.53;84.6;518518
SHY;D;170413;000000;84.59;84.64;84.58;84.64;885541
SHY;D;170417;000000;84.63;84.65;84.61;84.63;661279
SHY;D;170418;000000;84.65;84.7;84.65;84.7;810275
SHY;D;170419;000000;84.67;84.69;84.65;84.66;909505
SHY;D;170420;000000;84.64;84.67;84.6326;84.65;623231
SHY;D;170421;000000;84.67;84.7;84.66;84.69;533831
SHY;D;170424;000000;84.59;84.62;84.57;84.6;861215
SHY;D;170425;000000;84.56;84.57;84.52;84.52;738626
SHY;D;170426;000000;84.55;84.57;84.5201;84.55;554705
SHY;D;170427;000000;84.56;84.62;84.555;84.58;706941
SHY;D;170428;000000;84.57;84.62;84.5601;84.62;1524616
SHY;D;170501;000000;84.52;84.55;84.49;84.5;2414826
SHY;D;170502;000000;84.5;84.55;84.5;84.53;681351
SHY;D;170503;000000;84.53;84.53;84.47;84.47;832031
SHY;D;170504;000000;84.45;84.48;84.44;84.46;757069
SHY;D;170505;000000;84.46;84.49;84.45;84.49;555566
SHY;D;170508;000000;84.47;84.47;84.43;84.45;585525
SHY;D;170509;000000;84.42;84.44;84.4;84.41;759616
SHY;D;170510;000000;84.45;84.45;84.41;84.43;620065
SHY;D;170511;000000;84.39;84.46;84.39;84.44;489563
SHY;D;170512;000000;84.5;84.55;84.5;84.54;415383
SHY;D;170515;000000;84.51;84.54;84.51;84.53;691104
SHY;D;170516;000000;84.52;84.55;84.5;84.53;542177
SHY;D;170517;000000;84.59;84.64;84.58;84.62;597063
SHY;D;170518;000000;84.62;84.62;84.58;84.58;769320
SHY;D;170519;000000;84.61;84.61;84.56;84.6;444516
SHY;D;170522;000000;84.58;84.59;84.57;84.57;386533
SHY;D;170523;000000;84.58;84.6;84.5135;84.54;962898
SHY;D;170524;000000;84.55;84.59;84.52;84.59;1013863
SHY;D;170525;000000;84.57;84.6;84.57;84.59;594672
SHY;D;170526;000000;84.59;84.6;84.5723;84.58;410754
SHY;D;170530;000000;84.6;84.61;84.59;84.61;414593
SHY;D;170531;000000;84.62;84.63;84.6;84.62;967385
SHY;D;170601;000000;84.5;84.54;84.5;84.54;1124255
SHY;D;170602;000000;84.57;84.6;84.56;84.6;949696
SHY;D;170605;000000;84.55;84.55;84.53;84.53;585287
SHY;D;170606;000000;84.57;84.58;84.55;84.56;632648
SHY;D;170607;000000;84.53;84.55;84.52;84.53;713652
SHY;D;170608;000000;84.51;84.53;84.5;84.51;2398193
SHY;D;170609;000000;84.48;84.51;84.47;84.48;1023753
SHY;D;170612;000000;84.46;84.5;84.46;84.47;729920
SHY;D;170613;000000;84.45;84.48;84.45;84.47;458769
SHY;D;170614;000000;84.56;84.6;84.49;84.51;735238
SHY;D;170615;000000;84.49;84.49;84.47;84.48;565131
SHY;D;170616;000000;84.5;84.54;84.5;84.52;646892
SHY;D;170619;000000;84.48;84.4901;84.45;84.47;556119
SHY;D;170620;000000;84.45;84.4936;84.45;84.48;712187
SHY;D;170621;000000;84.46;84.51;84.46;84.49;1024831
SHY;D;170622;000000;84.52;84.54;84.5;84.5;454384
SHY;D;170623;000000;84.53;84.54;84.51;84.53;574866
SHY;D;170626;000000;84.52;84.55;84.52;84.545;1035353
SHY;D;170627;000000;84.5;84.51;84.48;84.5;1133141
SHY;D;170628;000000;84.52;84.54;84.51;84.54;3969302
SHY;D;170629;000000;84.48;84.51;84.48;84.495;504419
SHY;D;170630;000000;84.52;84.52;84.47;84.48;768914
SHY;D;170703;000000;84.42;84.42;84.35;84.37;949975
SHY;D;170705;000000;84.36;84.41;84.35;84.395;2882819
SHY;D;170706;000000;84.385;84.41;84.37;84.405;466534
SHY;D;170707;000000;84.41;84.429;84.381;84.41;739764
SHY;D;170710;000000;84.43;84.44;84.4193;84.44;376513
SHY;D;170711;000000;84.42;84.47;84.42;84.465;1570516
SHY;D;170712;000000;84.51;84.5265;84.48;84.505;814378
SHY;D;170713;000000;84.48;84.5;84.46;84.48;479410
SHY;D;170714;000000;84.54;84.55;84.5;84.51;1311138
SHY;D;170717;000000;84.5;84.5284;84.49;84.51;451035
SHY;D;170718;000000;84.52;84.54;84.52;84.54;574091
SHY;D;170719;000000;84.53;84.54;84.52;84.54;868597
SHY;D;170720;000000;84.55;84.56;84.53;84.54;1046975
SHY;D;170721;000000;84.55;84.58;84.55;84.58;552886
SHY;D;170724;000000;84.54;84.56;84.54;84.55;383067
SHY;D;170725;000000;84.51;84.52;84.481;84.5;542522
SHY;D;170726;000000;84.5;84.57;84.5;84.56;422432
SHY;D;170727;000000;84.54;84.56;84.53;84.545;401502
SHY;D;170728;000000;84.56;84.58;84.55;84.58;669512
SHY;D;170731;000000;84.56;84.59;84.56;84.575;827769
SHY;D;170801;000000;84.49;84.54;84.49;84.54;1259892
SHY;D;170802;000000;84.49;84.53;84.49;84.49;948898
SHY;D;170803;000000;84.53;84.55;84.51;84.53;875102
SHY;D;170804;000000;84.52;84.5275;84.5;84.5;580762
SHY;D;170807;000000;84.51;84.52;84.5;84.51;656396
SHY;D;170808;000000;84.53;84.53;84.49;84.51;706104
SHY;D;170809;000000;84.57;84.6;84.53;84.535;692490
SHY;D;170810;000000;84.55;84.58;84.55;84.56;877344
SHY;D;170811;000000;84.58;84.66;84.58;84.64;654537
SHY;D;170814;000000;84.63;84.64;84.58;84.58;374510
SHY;D;170815;000000;84.56;84.57;84.54;84.56;395309
SHY;D;170816;000000;84.53;84.61;84.53;84.59;580844
SHY;D;170817;000000;84.6;84.64;84.5765;84.64;512049
SHY;D;170818;000000;84.66;84.67;84.61;84.63;642652
SHY;D;170821;000000;84.62;84.66;84.62;84.64;892743
SHY;D;170822;000000;84.63;84.63;84.6;84.62;727180
SHY;D;170823;000000;84.62;84.66;84.62;84.66;378845
SHY;D;170824;000000;84.64;84.64;84.6;84.62;458324
SHY;D;170825;000000;84.62;84.64;84.59;84.61;468183
SHY;D;170828;000000;84.64;84.65;84.615;84.64;828738
SHY;D;170829;000000;84.7;84.7;84.65;84.675;1139147
SHY;D;170830;000000;84.66;84.67;84.64;84.66;624981
SHY;D;170831;000000;84.67;84.68;84.65;84.67;496461
SHY;D;170901;000000;84.6;84.62;84.55;84.58;873159
SHY;D;170905;000000;84.63;84.68;84.62;84.67;728327
SHY;D;170906;000000;84.66;84.68;84.63;84.65;1076065
SHY;D;170907;000000;84.69;84.72;84.67;84.71;411639
SHY;D;170908;000000;84.7;84.72;84.68;84.72;448019
SHY;D;170911;000000;84.66;84.67;84.62;84.62;1169519
SHY;D;170912;000000;84.6;84.62;84.58;84.59;927661
SHY;D;170913;000000;84.59;84.59;84.56;84.56;320996
SHY;D;170914;000000;84.53;84.57;84.52;84.55;811621
SHY;D;170915;000000;84.56;84.56;84.52;84.54;538778
SHY;D;170918;000000;84.5;84.53;84.5;84.525;573660
SHY;D;170919;000000;84.52;84.53;84.5;84.515;384271
SHY;D;170920;000000;84.54;84.55;84.44;84.46;698160
SHY;D;170921;000000;84.45;84.48;84.44;84.44;831296
SHY;D;170922;000000;84.47;84.5;84.46;84.465;438808
SHY;D;170925;000000;84.47;84.52;84.46;84.51;520763
SHY;D;170926;000000;84.49;84.5;84.47;84.48;830288
SHY;D;170927;000000;84.44;84.46;84.44;84.45;430953
SHY;D;170928;000000;84.47;84.49;84.45;84.475;266096
SHY;D;170929;000000;84.48;84.5;84.42;84.435;809298
SHY;D;171002;000000;84.38;84.38;84.33;84.36;971381
SHY;D;171003;000000;84.37;84.41;84.35;84.38;1050035
SHY;D;171004;000000;84.38;84.39;84.35;84.39;980478
SHY;D;171005;000000;84.36;84.38;84.34;84.36;2411084
SHY;D;171006;000000;84.3;84.37;84.29;84.34;614870
SHY;D;171009;000000;84.39;84.42;84.33;84.34;461558
SHY;D;171010;000000;84.33;84.38;84.33;84.35;656649
SHY;D;171011;000000;84.34;84.36;84.32;84.34;1167408
SHY;D;171012;000000;84.33;84.36;84.33;84.35;1213965
SHY;D;171013;000000;84.37;84.39;84.35;84.38;531174
SHY;D;171016;000000;84.34;84.36;84.3;84.32;527854
SHY;D;171017;000000;84.29;84.32;84.29;84.3;755972
SHY;D;171018;000000;84.26;84.3;84.25;84.28;453408
SHY;D;171019;000000;84.31;84.3499;84.3;84.335;491992
SHY;D;171020;000000;84.3;84.32;84.27;84.281;401653
SHY;D;171023;000000;84.29;84.32;84.29;84.32;544295
SHY;D;171024;000000;84.3;84.3;84.2662;84.285;2511569
SHY;D;171025;000000;84.25;84.3;84.25;84.26;1632251
SHY;D;171026;000000;84.27;84.29;84.24;84.26;518648
SHY;D;171027;000000;84.25;84.32;84.24;84.3;638791
SHY;D;171030;000000;84.34;84.34;84.3;84.335;379836
SHY;D;171031;000000;84.35;84.35;84.28;84.29;544127
SHY;D;171101;000000;84.17;84.21;84.17;84.2;749469
SHY;D;171102;000000;84.23;84.24;84.18;84.22;1747947
SHY;D;171103;000000;84.26;84.26;84.18;84.2;1242490
SHY;D;171106;000000;84.19;84.23;84.19;84.23;901061
SHY;D;171107;000000;84.23;84.23;84.19;84.21;705458
SHY;D;171108;000000;84.18;84.22;84.17;84.17;690038
SHY;D;171109;000000;84.18;84.22;84.16;84.2;705955
SHY;D;171110;000000;84.21;84.21;84.15;84.16;563524
SHY;D;171113;000000;84.16;84.17;84.13;84.14;596359
SHY;D;171114;000000;84.13;84.15;84.12;84.15;2642846
SHY;D;171115;000000;84.18;84.18;84.11;84.13;2972503
SHY;D;171116;000000;84.1;84.1184;84.08;84.1;2095492
SHY;D;171117;000000;84.14;84.14;84.08;84.08;1287008
SHY;D;171120;000000;84.11;84.11;84.05;84.07;489904
SHY;D;171121;000000;84.07;84.07;84.02;84.02;501373
SHY;D;171122;000000;84.08;84.12;84.06;84.1;821003
SHY;D;171124;000000;84.16;84.16;84.08;84.1;609097
SHY;D;171127;000000;84.09;84.12;84.07;84.12;998987
SHY;D;171128;000000;84.13;84.13;84.08;84.11;495872
SHY;D;171129;000000;84.08;84.09;84.05;84.085;565466
SHY;D;171130;000000;84.11;84.11;84.02;84.05;961077
SHY;D;171201;000000;83.98;84.04;83.92;83.99;1079544
SHY;D;171204;000000;83.97;83.97;83.91;83.93;2406227
SHY;D;171205;000000;83.96;83.96;83.89;83.93;1389186
SHY;D;171206;000000;84.03;84.03;83.94;83.955;1137347
SHY;D;171207;000000;83.98;83.98;83.94;83.96;1136943
SHY;D;171208;000000;83.99;84;83.96;83.97;891234
SHY;D;171211;000000;83.98;83.98;83.92;83.94;1522545
SHY;D;171212;000000;83.93;83.94;83.9;83.92;961807
SHY;D;171213;000000;84;84.07;83.93;84.01;1059867
SHY;D;171214;000000;84;84;83.95;83.98;1430943
SHY;D;171215;000000;83.96;83.96;83.91;83.95;890886
SHY;D;171218;000000;83.96;83.97;83.93;83.95;620786
SHY;D;171219;000000;83.94;83.94;83.9;83.915;699862
SHY;D;171220;000000;83.91;83.94;83.9;83.9;771931
SHY;D;171221;000000;83.84;83.84;83.8;83.81;822970
SHY;D;171222;000000;83.8;83.82;83.79;83.79;970942
SHY;D;171226;000000;83.77;83.81;83.77;83.78;1131227
SHY;D;171227;000000;83.8;83.82;83.79;83.81;1057999
SHY;D;171228;000000;83.81;83.84;83.8;83.815;1047939
SHY;D;171229;000000;83.86;83.87;83.84;83.86;1115699
SHY;D;180102;000000;83.85;83.85;83.79;83.8;1712912
SHY;D;180103;000000;83.81;83.84;83.785;83.79;988733
SHY;D;180104;000000;83.77;83.8;83.75;83.77;904287
SHY;D;180105;000000;83.77;83.79;83.76;83.78;808324
SHY;D;180108;000000;83.8;83.8;83.76;83.78;561264
SHY;D;180109;000000;83.8;83.8;83.75;83.755;1469831
SHY;D;180110;000000;83.78;83.78;83.7376;83.76;698621
SHY;D;180111;000000;83.77;83.79;83.75;83.76;993783
SHY;D;180112;000000;83.8;83.8;83.72;83.74;853191
SHY;D;180116;000000;83.66;83.75;83.66;83.74;2632421
SHY;D;180117;000000;83.72;83.72;83.68;83.69;2794655
SHY;D;180118;000000;83.68;83.7;83.66;83.68;1036837
SHY;D;180119;000000;83.7;83.7;83.66;83.68;890095
SHY;D;180122;000000;83.68;83.68;83.65;83.66;865414
SHY;D;180123;000000;83.68;83.72;83.68;83.72;718359
SHY;D;180124;000000;83.71;83.71;83.67;83.69;733967
SHY;D;180125;000000;83.69;83.7;83.64;83.685;668256
SHY;D;180126;000000;83.71;83.71;83.62;83.64;903935
SHY;D;180129;000000;83.61;83.62;83.58;83.6069;1351266
SHY;D;180130;000000;83.65;83.65;83.59;83.61;1447816
SHY;D;180131;000000;83.64;83.64;83.56;83.6;1939462
SHY;D;180201;000000;83.52;83.53;83.47;83.49;2165717
SHY;D;180202;000000;83.48;83.52;83.4424;83.51;1806449
SHY;D;180205;000000;83.45;83.68;83.45;83.65;1850926
SHY;D;180206;000000;83.51;83.65;83.51;83.56;2044504
SHY;D;180207;000000;83.52;83.58;83.49;83.52;1119930
SHY;D;180208;000000;83.53;83.57;83.48;83.54;1084033
SHY;D;180209;000000;83.54;83.7;83.52;83.6;3002443
SHY;D;180212;000000;83.59;83.59;83.5415;83.57;1392982
SHY;D;180213;000000;83.55;83.57;83.53;83.565;1223506
SHY;D;180214;000000;83.5;83.5;83.4308;83.45;841379
SHY;D;180215;000000;83.44;83.46;83.4;83.42;1369257
SHY;D;180216;000000;83.37;83.47;83.37;83.44;607031
SHY;D;180220;000000;83.41;83.44;83.41;83.44;1251604
SHY;D;180221;000000;83.43;83.45;83.38;83.42;1118767
SHY;D;180222;000000;83.45;83.45;83.41;83.44;740007
SHY;D;180223;000000;83.47;83.5;83.45;83.47;640722
SHY;D;180226;000000;83.51;83.54;83.4836;83.49;1321836
SHY;D;180227;000000;83.53;83.53;83.41;83.45;714115
SHY;D;180228;000000;83.45;83.47;83.43;83.44;3578735
SHY;D;180301;000000;83.39;83.49;83.3601;83.47;1779260
SHY;D;180302;000000;83.45;83.4535;83.4;83.4;1583709
SHY;D;180305;000000;83.45;83.47;83.4;83.43;891489
SHY;D;180306;000000;83.43;83.45;83.4027;83.42;642807
SHY;D;180307;000000;83.42;83.45;83.4;83.41;779248
SHY;D;180308;000000;83.42;83.44;83.41;83.44;504079
SHY;D;180309;000000;83.39;83.43;83.3816;83.41;527421
SHY;D;180312;000000;83.43;83.44;83.39;83.44;1142566
SHY;D;180313;000000;83.45;83.47;83.43;83.46;578238
SHY;D;180314;000000;83.42;83.489;83.4;83.45;969338
SHY;D;180315;000000;83.43;83.467;83.42;83.44;1072739
SHY;D;180316;000000;83.45;83.45;83.41;83.41;839115
SHY;D;180319;000000;83.4;83.45;83.39;83.41;766574
SHY;D;180320;000000;83.39;83.3999;83.36;83.37;987011
SHY;D;180321;000000;83.35;83.45;83.33;83.44;1893703
SHY;D;180322;000000;83.44;83.51;83.44;83.47;1438802
SHY;D;180323;000000;83.48;83.52;83.46;83.51;1099570
SHY;D;180326;000000;83.48;83.5;83.45;83.45;1678985
SHY;D;180327;000000;83.46;83.54;83.46;83.531;1569621
SHY;D;180328;000000;83.54;83.57;83.49;83.52;1426527
SHY;D;180329;000000;83.5;83.56;83.5;83.555;2850464
SHY;D;180402;000000;83.45;83.53;83.42;83.5;2944073
SHY;D;180403;000000;83.47;83.48;83.4207;83.45;3334024
SHY;D;180404;000000;83.47;83.47;83.42;83.425;1518728
SHY;D;180405;000000;83.4;83.4299;83.4;83.42;1063208
SHY;D;180406;000000;83.47;83.49;83.44;83.47;1035996
SHY;D;180409;000000;83.44;83.48;83.43;83.48;1672333
SHY;D;180410;000000;83.43;83.46;83.41;83.43;1172447
SHY;D;180411;000000;83.44;83.46;83.42;83.44;709080
SHY;D;180412;000000;83.41;83.41;83.38;83.39;743403
SHY;D;180413;000000;83.37;83.39;83.36;83.38;975759
SHY;D;180416;000000;83.35;83.37;83.331;83.35;1106149
SHY;D;180417;000000;83.35;83.36;83.33;83.35;823064
SHY;D;180418;000000;83.3;83.31;83.28;83.3;777255
SHY;D;180419;000000;83.3;83.3099;83.27;83.28;1339503
SHY;D;180420;000000;83.27;83.29;83.25;83.25;683490
SHY;D;180423;000000;83.26;83.26;83.22;83.24;1728935
SHY;D;180424;000000;83.22;83.27;83.21;83.265;1667431
SHY;D;180425;000000;83.23;83.27;83.23;83.25;1827834
SHY;D;180426;000000;83.29;83.29;83.25;83.28;2403889
SHY;D;180427;000000;83.27;83.3;83.27;83.28;1379590
SHY;D;180430;000000;83.28;83.3;83.27;83.28;1382005
SHY;D;180501;000000;83.17;83.18;83.13;83.14;1751763
SHY;D;180502;000000;83.15;83.17;83.13;83.16;956354
SHY;D;180503;000000;83.2;83.23;83.2;83.22;1545694
SHY;D;180504;000000;83.22;83.24;83.18;83.19;1221096
SHY;D;180507;000000;83.21;83.22;83.19;83.19;7423063
SHY;D;180508;000000;83.19;83.2;83.18;83.2;9261432
SHY;D;180509;000000;83.17;83.18;83.16;83.17;968914
SHY;D;180510;000000;83.19;83.2;83.16;83.16;816055
SHY;D;180511;000000;83.18;83.18;83.16;83.17;525582
SHY;D;180514;000000;83.17;83.17;83.15;83.15;926577
SHY;D;180515;000000;83.12;83.14;83.09;83.1;990284
SHY;D;180516;000000;83.1;83.12;83.1;83.11;594439
SHY;D;180517;000000;83.14;83.14;83.12;83.12;856259
SHY;D;180518;000000;83.18;83.2;83.17;83.17;810159
SHY;D;180521;000000;83.16;83.17;83.15;83.16;1226967
SHY;D;180522;000000;83.16;83.18;83.15;83.17;721510
SHY;D;180523;000000;83.2;83.27;83.19;83.24;1083543
SHY;D;180524;000000;83.3;83.33;83.29;83.29;1267064
SHY;D;180525;000000;83.35;83.38;83.35;83.36;528981
SHY;D;180529;000000;83.43;83.635;83.43;83.61;1990580
SHY;D;180530;000000;83.54;83.54;83.47;83.5;1623819
SHY;D;180531;000000;83.49;83.5;83.43;83.46;5651245
SHY;D;180601;000000;83.28;83.3;83.25;83.29;3123587
SHY;D;180604;000000;83.24;83.2585;83.2;83.2;1081140
SHY;D;180605;000000;83.24;83.29;83.21;83.25;16654016
SHY;D;180606;000000;83.22;83.24;83.21;83.23;4649571
SHY;D;180607;000000;83.21;83.34;83.21;83.3;4360200
SHY;D;180608;000000;83.28;83.31;83.2602;83.29;2318397
SHY;D;180611;000000;83.23;83.26;83.21;83.25;3721247
SHY;D;180612;000000;83.21;83.23;83.21;83.22;2966925
SHY;D;180613;000000;83.21;83.23;83.14;83.17;2265664
SHY;D;180614;000000;83.19;83.21;83.18;83.21;1592670
SHY;D;180615;000000;83.24;83.27;83.23;83.24;2451967
SHY;D;180618;000000;83.24;83.26;83.23;83.26;982241
SHY;D;180619;000000;83.3;83.3;83.27;83.29;1483533
SHY;D;180620;000000;83.28;83.29;83.24;83.25;1269829
SHY;D;180621;000000;83.26;83.3062;83.26;83.3;767710
SHY;D;180622;000000;83.3;83.31;83.275;83.305;1104279
SHY;D;180625;000000;83.32;83.35;83.31;83.34;687808
SHY;D;180626;000000;83.34;83.35;83.32;83.335;3033589
SHY;D;180627;000000;83.38;83.4;83.35;83.395;3916048
SHY;D;180628;000000;83.41;83.41;83.36;83.39;1005151
SHY;D;180629;000000;83.36;83.38;83.35;83.37;4331129
SHY;D;180702;000000;83.26;83.26;83.2;83.21;3421489
SHY;D;180703;000000;83.23;83.26;83.21;83.26;1262504
SHY;D;180705;000000;83.25;83.2668;83.22;83.235;1701795
SHY;D;180706;000000;83.27;83.27;83.25;83.27;3021167
SHY;D;180709;000000;83.24;83.25;83.22;83.22;1271716
SHY;D;180710;000000;83.23;83.23;83.2;83.21;1936115
SHY;D;180711;000000;83.23;83.24;83.2;83.235;910252
SHY;D;180712;000000;83.21;83.23;83.2;83.225;834903
SHY;D;180713;000000;83.25;83.26;83.23;83.26;1202390
SHY;D;180716;000000;83.22;83.23;83.2;83.23;1406721
SHY;D;180717;000000;83.24;83.24;83.21;83.22;2633890
SHY;D;180718;000000;83.23;83.23;83.2;83.21;938672
SHY;D;180719;000000;83.21;83.285;83.21;83.25;1132459
SHY;D;180720;000000;83.28;83.29;83.24;83.25;1660237
SHY;D;180723;000000;83.24;83.25;83.2;83.2;933221
SHY;D;180724;000000;83.21;83.21;83.18;83.19;1510193
SHY;D;180725;000000;83.21;83.22;83.18;83.19;635238
SHY;D;180726;000000;83.2;83.21;83.15;83.17;2018088
SHY;D;180727;000000;83.19;83.205;83.18;83.2;1316620
SHY;D;180730;000000;83.19;83.2;83.18;83.19;4143408
SHY;D;180731;000000;83.21;83.21;83.19;83.2;2458000
SHY;D;180801;000000;83.05;83.07;83.04;83.07;9040125
SHY;D;180802;000000;83.09;83.11;83.08;83.11;1335955
SHY;D;180803;000000;83.1;83.14;83.1;83.13;1008583
SHY;D;180806;000000;83.15;83.15;83.13;83.13;993392
SHY;D;180807;000000;83.13;83.13;83.09;83.09;867133
SHY;D;180808;000000;83.13;83.13;83.11;83.12;1390416
SHY;D;180809;000000;83.14;83.17;83.14;83.17;604360
SHY;D;180810;000000;83.22;83.26;83.21;83.25;1359974
SHY;D;180813;000000;83.22;83.25;83.21;83.23;1528480
SHY;D;180814;000000;83.23;83.23;83.21;83.23;1237805
SHY;D;180815;000000;83.25;83.29;83.23;83.26;710175
SHY;D;180816;000000;83.25;83.27;83.2301;83.26;942301
SHY;D;180817;000000;83.27;83.29;83.26;83.28;699963
SHY;D;180820;000000;83.31;83.32;83.29;83.31;713782
SHY;D;180821;000000;83.29;83.31;83.29;83.29;1393615
SHY;D;180822;000000;83.32;83.34;83.31;83.34;576951
SHY;D;180823;000000;83.33;83.34;83.31;83.31;579242
SHY;D;180824;000000;83.29;83.33;83.29;83.32;2231249
SHY;D;180827;000000;83.29;83.31;83.29;83.3;911800
SHY;D;180828;000000;83.27;83.29;83.26;83.26;895570
SHY;D;180829;000000;83.28;83.28;83.24;83.25;551343
SHY;D;180830;000000;83.28;83.32;83.28;83.32;1615874
SHY;D;180831;000000;83.34;83.35;83.33;83.34;3948264
SHY;D;180904;000000;83.2;83.22;83.16;83.17;1313931
SHY;D;180905;000000;83.19;83.2;83.17;83.195;697792
SHY;D;180906;000000;83.21;83.25;83.203;83.22;4320171
SHY;D;180907;000000;83.17;83.17;83.13;83.13;781377
SHY;D;180910;000000;83.14;83.15;83.13;83.14;587896
SHY;D;180911;000000;83.09;83.11;83.07;83.09;700881
SHY;D;180912;000000;83.11;83.11;83.07;83.08;588151
SHY;D;180913;000000;83.1;83.11;83.08;83.1;600470
SHY;D;180914;000000;83.05;83.08;83.05;83.07;565960
SHY;D;180917;000000;83.06;83.08;83.05;83.06;1395567
SHY;D;180918;000000;83.07;83.07;83.02;83.04;715841
SHY;D;180919;000000;83.02;83.03;83;83.02;626221
SHY;D;180920;000000;83;83.05;83;83.04;588495
SHY;D;180921;000000;83.03;83.06;83.02;83.05;1644682
SHY;D;180924;000000;83.03;83.06;83.02;83.04;717062
SHY;D;180925;000000;83.02;83.03;83.01;83.03;1078596
SHY;D;180926;000000;83.03;83.07;83.03;83.05;1250472
SHY;D;180927;000000;83.07;83.07;83.05;83.05;729332
SHY;D;180928;000000;83.09;83.11;83.09;83.1;2261151
SHY;D;181001;000000;82.96;82.97;82.94;82.94;3246251
SHY;D;181002;000000;82.95;82.99;82.95;82.97;2885744
SHY;D;181003;000000;82.94;82.96;82.89;82.92;1373053
SHY;D;181004;000000;82.87;82.9;82.87;82.885;1186402
SHY;D;181005;000000;82.88;82.88;82.86;82.88;1544154
SHY;D;181008;000000;82.89;82.92;82.88;82.91;1332214
SHY;D;181009;000000;82.9;82.91;82.88;82.9;2703724
SHY;D;181010;000000;82.87;82.93;82.87;82.925;1721334
SHY;D;181011;000000;82.96;83;82.93;82.96;2000983
SHY;D;181012;000000;82.98;83.01;82.96;82.96;2035703
SHY;D;181015;000000;82.99;82.99;82.96;82.98;1655895
SHY;D;181016;000000;82.97;82.97;82.9408;82.955;1780100
SHY;D;181017;000000;82.97;82.99;82.94;82.945;1220005
SHY;D;181018;000000;82.93;83.01;82.92;82.99;1139743
SHY;D;181019;000000;82.99;82.99;82.94;82.95;3892833
SHY;D;181022;000000;82.94;82.97;82.93;82.93;1966618
SHY;D;181023;000000;83.03;83.05;82.98;82.985;2611732
SHY;D;181024;000000;83.02;83.11;83.02;83.11;2525805
SHY;D;181025;000000;83.09;83.1;83.06;83.08;2532742
SHY;D;181026;000000;83.14;83.19;83.12;83.13;3526380
SHY;D;181029;000000;83.11;83.17;83.1;83.15;4392872
SHY;D;181030;000000;83.13;83.13;83.09;83.105;5053309
SHY;D;181031;000000;83.07;83.1;83.05;83.08;11836541
SHY;D;181101;000000;82.96;82.99;82.935;82.975;3351203
SHY;D;181102;000000;82.93;82.94;82.88;82.89;3488157
SHY;D;181105;000000;82.92;82.92;82.89;82.9;2159861
SHY;D;181106;000000;82.88;82.9;82.87;82.88;4305256
SHY;D;181107;000000;82.87;82.88;82.85;82.86;1161672
SHY;D;181108;000000;82.88;82.88;82.83;82.84;1205436
SHY;D;181109;000000;82.86;82.92;82.86;82.9;1011704
SHY;D;181112;000000;82.92;82.98;82.92;82.975;830601
SHY;D;181113;000000;82.95;82.98;82.95;82.96;2862396
SHY;D;181114;000000;82.97;83.07;82.96;83.031;2184654
SHY;D;181115;000000;83.09;83.11;83.04;83.06;1795235
SHY;D;181116;000000;83.12;83.14;83.1;83.13;1150872
SHY;D;181119;000000;83.12;83.2;83.11;83.19;1454217
SHY;D;181120;000000;83.18;83.2;83.16;83.17;2145126
SHY;D;181121;000000;83.18;83.18;83.15;83.17;8333162
SHY;D;181123;000000;83.2;83.2;83.15;83.15;1638109
SHY;D;181126;000000;83.15;83.16;83.13;83.16;1647090
SHY;D;181127;000000;83.15;83.18;83.14;83.16;1369039
SHY;D;181128;000000;83.16;83.22;83.14;83.21;2645666
SHY;D;181129;000000;83.24;83.25;83.2;83.225;1756965
SHY;D;181130;000000;83.22;83.24;83.21;83.24;3141216
SHY;D;181203;000000;83.06;83.09;83.05;83.065;2043001
SHY;D;181204;000000;83.07;83.14;83.07;83.105;3256124
SHY;D;181206;000000;83.22;83.2983;83.18;83.185;3588893
SHY;D;181207;000000;83.19;83.28;83.18;83.27;1889430
SHY;D;181210;000000;83.26;83.329;83.24;83.27;6262055
SHY;D;181211;000000;83.23;83.26;83.18;83.21;3701140
SHY;D;181212;000000;83.18;83.21;83.18;83.205;2821276
SHY;D;181213;000000;83.23;83.26;83.22;83.255;5662907
SHY;D;181214;000000;83.27;83.32;83.26;83.305;3028147
SHY;D;181217;000000;83.32;83.39;83.3;83.385;3945443
SHY;D;181218;000000;83.28;83.33;83.26;83.32;6072223
SHY;D;181219;000000;83.34;83.38;83.27;83.335;10837666
SHY;D;181220;000000;83.35;83.36;83.31;83.32;6607817
SHY;D;181221;000000;83.33;83.39;83.32;83.38;4569606
SHY;D;181224;000000;83.4;83.46;83.4;83.46;4011262
SHY;D;181226;000000;83.48;83.51;83.4;83.4;5937516
SHY;D;181227;000000;83.46;83.54;83.46;83.5;3405720
SHY;D;181228;000000;83.51;83.58;83.5;83.56;6423897
SHY;D;181231;000000;83.57;83.67;83.55;83.62;4264011
SHY;D;190102;000000;83.63;83.64;83.6;83.6267;5020509
SHY;D;190103;000000;83.64;83.835;83.63;83.815;4334821
SHY;D;190104;000000;83.67;83.68;83.63;83.6399;5209860
SHY;D;190107;000000;83.65;83.67;83.57;83.57;3044623
SHY;D;190108;000000;83.53;83.56;83.5;83.51;1781133
SHY;D;190109;000000;83.51;83.58;83.51;83.56;3743870
SHY;D;190110;000000;83.61;83.63;83.55;83.56;3475132
SHY;D;190111;000000;83.61;83.63;83.6;83.62;1868587
SHY;D;190114;000000;83.63;83.65;83.61;83.61;1761311
SHY;D;190115;000000;83.65;83.6567;83.61;83.63;2934251
SHY;D;190116;000000;83.6;83.63;83.58;83.615;2608829
SHY;D;190117;000000;83.62;83.63;83.58;83.605;2144168
SHY;D;190118;000000;83.58;83.59;83.5201;83.545;3662756
SHY;D;190122;000000;83.58;83.61;83.57;83.58;3837158
SHY;D;190123;000000;83.58;83.62;83.56;83.59;7629424
SHY;D;190124;000000;83.65;83.68;83.63;83.66;1902494
SHY;D;190125;000000;83.63;83.64;83.59;83.61;1517199
SHY;D;190128;000000;83.6;83.64;83.5915;83.61;5427144
SHY;D;190129;000000;83.63;83.66;83.63;83.65;3810360
SHY;D;190130;000000;83.65;83.76;83.63;83.75;3316714
SHY;D;190131;000000;83.79;83.85;83.79;83.83;5713413
SHY;D;190201;000000;83.64;83.657;83.58;83.59;6851164
SHY;D;190204;000000;83.59;83.6;83.56;83.56;8545952
SHY;D;190205;000000;83.57;83.6082;83.57;83.58;2756266
SHY;D;190206;000000;83.63;83.64;83.6;83.61;2512451
SHY;D;190207;000000;83.67;83.7;83.65;83.68;2143986
SHY;D;190208;000000;83.73;83.75;83.71;83.71;1406716
SHY;D;190211;000000;83.68;83.7;83.67;83.68;2346997
SHY;D;190212;000000;83.68;83.69;83.66;83.66;2021830
SHY;D;190213;000000;83.62;83.65;83.61;83.615;1803580
SHY;D;190214;000000;83.71;83.725;83.67;83.7;4185366
SHY;D;190215;000000;83.7;83.7;83.68;83.685;2354881
SHY;D;190219;000000;83.72;83.73;83.7;83.72;6325010
SHY;D;190220;000000;83.73;83.76;83.71;83.73;2103194
SHY;D;190221;000000;83.71;83.71;83.69;83.7;1412002
SHY;D;190222;000000;83.72;83.78;83.72;83.76;2292031
SHY;D;190225;000000;83.73;83.75;83.71;83.745;2717118
SHY;D;190226;000000;83.77;83.78;83.75;83.78;3721064
SHY;D;190227;000000;83.76;83.77;83.73;83.76;2257282
SHY;D;190228;000000;83.75;83.76;83.72;83.745;3593233
SHY;D;190301;000000;83.56;83.57;83.52;83.535;2142149
SHY;D;190304;000000;83.54;83.58;83.53;83.565;6186619
SHY;D;190305;000000;83.54;83.57;83.52;83.565;4030247
SHY;D;190306;000000;83.57;83.62;83.57;83.62;1920933
SHY;D;190307;000000;83.65;83.71;83.65;83.695;2823376
SHY;D;190308;000000;83.71;83.74;83.69;83.7299;2031284
SHY;D;190311;000000;83.72;83.72;83.69;83.7;1850501
SHY;D;190312;000000;83.71;83.75;83.71;83.73;3596522
SHY;D;190313;000000;83.73;83.75;83.72;83.73;987045
SHY;D;190314;000000;83.75;83.77;83.73;83.74;897685
SHY;D;190315;000000;83.79;83.81;83.78;83.79;1446527
SHY;D;190318;000000;83.78;83.8;83.77;83.77;972810
SHY;D;190319;000000;83.76;83.78;83.7501;83.77;797022
SHY;D;190320;000000;83.78;83.9;83.78;83.87;2345258
SHY;D;190321;000000;83.91;83.91;83.87;83.89;1258944
SHY;D;190322;000000;83.95;84.05;83.95;84.03;2998756
SHY;D;190325;000000;84.06;84.169;84.04;84.12;3374663
SHY;D;190326;000000;84.08;84.13;84.055;84.11;2252659
SHY;D;190327;000000;84.17;84.21;84.15;84.17;1751886
SHY;D;190328;000000;84.17;84.18;84.13;84.16;1212261
SHY;D;190329;000000;84.1;84.13;84.08;84.11;2021833
SHY;D;190401;000000;83.91;83.93;83.85;83.85;4243652
SHY;D;190402;000000;83.89;83.91;83.88;83.89;2462649
SHY;D;190403;000000;83.88;83.89;83.86;83.86;4853461
SHY;D;190404;000000;83.9;83.9;83.87;83.88;1310729
SHY;D;190405;000000;83.87;83.89;83.86;83.87;6413768
SHY;D;190408;000000;83.88;83.9;83.85;83.85;2612361
SHY;D;190409;000000;83.89;83.91;83.87;83.87;2413663
SHY;D;190410;000000;83.91;83.94;83.91;83.92;1938013
SHY;D;190411;000000;83.9;83.92;83.89;83.89;1788124
SHY;D;190412;000000;83.84;83.86;83.83;83.83;1106868
SHY;D;190415;000000;83.83;83.86;83.83;83.85;949772
SHY;D;190416;000000;83.84;83.85;83.81;83.82;1415028
SHY;D;190417;000000;83.84;83.87;83.84;83.87;1454735
SHY;D;190418;000000;83.9;83.91;83.88;83.88;1017292
SHY;D;190422;000000;83.9;83.91;83.89;83.89;6004007
SHY;D;190423;000000;83.92;83.95;83.92;83.93;1732476
SHY;D;190424;000000;83.99;84.01;83.98;84;1242809
SHY;D;190425;000000;84.01;84.02;83.99;83.99;830380
SHY;D;190426;000000;84.07;84.08;84.06;84.08;2080577
SHY;D;190429;000000;84.05;84.07;84.04;84.05;890635
SHY;D;190430;000000;84.06;84.11;84.04;84.1;1788613
SHY;D;190501;000000;83.93;84.0467;83.87;83.89;1233102
SHY;D;190502;000000;83.88;83.889;83.84;83.85;1904100
SHY;D;190503;000000;83.87;83.9;83.85;83.87;1243776
SHY;D;190506;000000;83.93;83.94;83.91;83.91;1144460
SHY;D;190507;000000;83.95;83.98;83.95;83.97;2724512
SHY;D;190508;000000;83.98;84;83.94;83.94;1388464
SHY;D;190509;000000;84.02;84.06;83.99;84.005;1187938
SHY;D;190510;000000;84.03;84.07;84;84.01;1215681
SHY;D;190513;000000;84.11;84.15;84.1002;84.14;2444030
SHY;D;190514;000000;84.12;84.13;84.09;84.11;3697331
SHY;D;190515;000000;84.21;84.21;84.14;84.175;1420133
SHY;D;190516;000000;84.14;84.15;84.12;84.14;985303
SHY;D;190517;000000;84.18;84.19;84.12;84.15;942118
SHY;D;190520;000000;84.14;84.1599;84.11;84.12;1029990
SHY;D;190521;000000;84.09;84.1;84.06;84.065;1084865
SHY;D;190522;000000;84.12;84.13;84.1;84.12;2000204
SHY;D;190523;000000;84.17;84.29;84.17;84.26;2633950
SHY;D;190524;000000;84.24;84.25;84.21;84.23;945598
SHY;D;190528;000000;84.26;84.3;84.24;84.29;1040633
SHY;D;190529;000000;84.35;84.38;84.3;84.3;2552518
SHY;D;190530;000000;84.33;84.39;84.3;84.37;1833419
SHY;D;190531;000000;84.46;84.59;84.46;84.57;11851169
SHY;D;190603;000000;84.47;84.59;84.43;84.55;4416060
SHY;D;190604;000000;84.44;84.5067;84.42;84.49;3083682
SHY;D;190605;000000;84.6;84.63;84.52;84.53;14432014
SHY;D;190606;000000;84.54;84.57;84.47;84.48;20511727
SHY;D;190607;000000;84.62;84.64;84.54;84.565;13478938
SHY;D;190610;000000;84.52;84.52;84.48;84.49;7381257
SHY;D;190611;000000;84.45;84.48;84.44;84.455;2134972
SHY;D;190612;000000;84.51;84.55;84.5;84.53;1019516
SHY;D;190613;000000;84.57;84.635;84.55;84.61;2341476
SHY;D;190614;000000;84.57;84.61;84.563;84.6;1886559
SHY;D;190617;000000;84.6;84.6;84.55;84.56;1564473
SHY;D;190618;000000;84.65;84.6576;84.56;84.56;5400651
SHY;D;190619;000000;84.54;84.75;84.52;84.75;1768292
SHY;D;190620;000000;84.81;84.85;84.77;84.78;1664461
SHY;D;190621;000000;84.71;84.74;84.69;84.73;7918669
SHY;D;190624;000000;84.76;84.82;84.76;84.8;1637023
SHY;D;190625;000000;84.8;84.85;84.76;84.81;1668769
SHY;D;190626;000000;84.77;84.77;84.7;84.71;1121545
SHY;D;190627;000000;84.76;84.78;84.73;84.77;1096155
SHY;D;190628;000000;84.77;84.8;84.75;84.775;3867158
SHY;D;190701;000000;84.625;84.63;84.54;84.57;3905921
SHY;D;190702;000000;84.59;84.64;84.58;84.61;4747864
SHY;D;190703;000000;84.63;84.65;84.62;84.64;1061055
SHY;D;190705;000000;84.51;84.51;84.44;84.46;1677855
SHY;D;190708;000000;84.49;84.5;84.43;84.45;1437760
SHY;D;190709;000000;84.46;84.46;84.4;84.4;1325027
SHY;D;190710;000000;84.5;84.55;84.47;84.545;1645792
SHY;D;190711;000000;84.54;84.55;84.49;84.5;1044723
SHY;D;190712;000000;84.5;84.54;84.49;84.52;823611
SHY;D;190715;000000;84.54;84.56;84.53;84.54;1063701
SHY;D;190716;000000;84.5;84.5254;84.48;84.5;1298269
SHY;D;190717;000000;84.52;84.58;84.51;84.58;1027119
SHY;D;190718;000000;84.58;84.7;84.56;84.68;1368596
SHY;D;190719;000000;84.62;84.64;84.58;84.61;798577
SHY;D;190722;000000;84.63;84.64;84.61;84.61;730763
SHY;D;190723;000000;84.6;84.62;84.58;84.6;937423
SHY;D;190724;000000;84.61;84.64;84.59;84.6;1297230
SHY;D;190725;000000;84.59;84.59;84.53;84.56;1024859
SHY;D;190726;000000;84.56;84.57;84.52;84.55;889223
SHY;D;190729;000000;84.57;84.6;84.57;84.58;867586
SHY;D;190730;000000;84.59;84.6;84.57;84.59;852942
SHY;D;190731;000000;84.62;84.65;84.43;84.56;2179732
SHY;D;190801;000000;84.46;84.72;84.45;84.64;3003707
SHY;D;190802;000000;84.65;84.7;84.6359;84.665;2568390
SHY;D;190805;000000;84.83;84.91;84.81;84.88;3045651
SHY;D;190806;000000;84.86;84.89;84.82;84.89;2501656
SHY;D;190807;000000;85;85.0364;84.87;84.9;2185333
SHY;D;190808;000000;84.87;84.88;84.81;84.86;1392919
SHY;D;190809;000000;84.87;84.91;84.82;84.84;1045037
SHY;D;190812;000000;84.89;84.94;84.88;84.93;2279611
SHY;D;190813;000000;84.9;84.91;84.77;84.81;1721418
SHY;D;190814;000000;84.89;84.95;84.88;84.92;2529156
SHY;D;190815;000000;84.96;85.11;84.96;85.1;4650389
SHY;D;190816;000000;85.05;85.1;85.0106;85.09;1783925
SHY;D;190819;000000;85.01;85.04;84.98;84.99;1381784
SHY;D;190820;000000;85.05;85.0871;85.04;85.06;1934710
SHY;D;190821;000000;85.01;85.0462;84.9699;84.98;1852935
SHY;D;190822;000000;84.96;85.01;84.93;84.94;876972
SHY;D;190823;000000;84.97;85.1;84.95;85.07;2283405
SHY;D;190826;000000;85.065;85.1;85.01;85.04;1607511
SHY;D;190827;000000;85.01;85.09;85.01;85.07;2054335
SHY;D;190828;000000;85.09;85.115;85.07;85.09;1541477
SHY;D;190829;000000;85.08;85.09;85.04;85.06;3187728
SHY;D;190830;000000;85.05;85.09;85.03;85.09;2297995
SHY;D;190903;000000;84.95;85.0664;84.93;85.0084;4300301
SHY;D;190904;000000;85;85.07;85;85.06;1298323
SHY;D;190905;000000;84.96;84.96;84.84;84.885;1740728
SHY;D;190906;000000;84.9;84.93;84.87;84.89;1582156
SHY;D;190909;000000;84.83;84.85;84.8;84.82;1480373
SHY;D;190910;000000;84.79;84.8;84.65;84.66;2113205
SHY;D;190911;000000;84.66;84.71;84.66;84.66;2549572
SHY;D;190912;000000;84.71;84.72;84.61;84.63;2256366
SHY;D;190913;000000;84.57;84.59;84.48;84.485;1798113
SHY;D;190916;000000;84.55;84.57;84.53;84.56;2534804
SHY;D;190917;000000;84.56;84.63;84.55;84.6;1228658
SHY;D;190918;000000;84.66;84.71;84.55;84.57;3158766
SHY;D;190919;000000;84.64;84.64;84.58;84.58;1474565
SHY;D;190920;000000;84.61;84.69;84.59;84.68;1891839
SHY;D;190923;000000;84.72;84.7881;84.71;84.72;1408582
SHY;D;190924;000000;84.72;84.84;84.72;84.81;3054846
SHY;D;190925;000000;84.79;84.81;84.69;84.7;1718175
SHY;D;190926;000000;84.75;84.79;84.73;84.74;815751
SHY;D;190927;000000;84.74;84.81;84.74;84.79;1506607
SHY;D;190930;000000;84.77;84.82;84.76;84.82;1973083
SHY;D;191001;000000;84.62;84.81;84.62;84.78;4476727
SHY;D;191002;000000;84.84;84.91;84.83;84.88;2412401
SHY;D;191003;000000;84.93;85.07;84.9218;85.02;2284422
SHY;D;191004;000000;85.01;85.05;84.9866;85.035;1676140
SHY;D;191007;000000;84.99;85;84.9336;84.94;1485011
SHY;D;191008;000000;85.01;85.03;84.94;85.01;1843990
SHY;D;191009;000000;85;85.0187;84.93;84.96;1369393
SHY;D;191010;000000;84.96;84.96;84.85;84.86;3245189
SHY;D;191011;000000;84.79;84.8;84.71;84.77;2708456
SHY;D;191014;000000;84.78;84.8;84.76;84.77;1163331
SHY;D;191015;000000;84.81;84.82;84.73;84.745;2093333
SHY;D;191016;000000;84.8;84.82;84.77;84.805;1764798
SHY;D;191017;000000;84.8;84.85;84.78;84.8;1395594
SHY;D;191018;000000;84.82;84.87;84.82;84.835;1781527
SHY;D;191021;000000;84.82;84.835;84.77;84.78;807794
SHY;D;191022;000000;84.81;84.83;84.76;84.81;1099299
SHY;D;191023;000000;84.84;84.85;84.8;84.81;1396057
SHY;D;191024;000000;84.83;84.87;84.81;84.82;1105583
SHY;D;191025;000000;84.83;84.83;84.74;84.765;809071
SHY;D;191028;000000;84.73;84.74;84.7;84.73;1619755
SHY;D;191029;000000;84.76;84.77;84.73;84.74;1491695
SHY;D;191030;000000;84.75;84.81;84.71;84.8;1278005
SHY;D;191031;000000;84.85;84.96;84.85;84.945;2555641
SHY;D;191101;000000;84.78;84.81;84.72;84.76;3221475
SHY;D;191104;000000;84.72;84.72;84.69;84.7;2384394
SHY;D;191105;000000;84.67;84.67;84.61;84.65;1942402
SHY;D;191106;000000;84.69;84.71;84.66;84.685;1115575
SHY;D;191107;000000;84.63;84.63;84.54;84.58;1976806
SHY;D;191108;000000;84.59;84.65;84.59;84.6;2038334
SHY;D;191111;000000;84.62;84.63;84.59;84.608;1176401
SHY;D;191112;000000;84.61;84.64;84.5938;84.625;2351719
SHY;D;191113;000000;84.675;84.69;84.65;84.67;1589395
SHY;D;191114;000000;84.74;84.78;84.73;84.75;2284334
SHY;D;191115;000000;84.71;84.73;84.71;84.72;2318646
SHY;D;191118;000000;84.76;84.77;84.74;84.74;943971
SHY;D;191119;000000;84.73;84.76;84.73;84.75;1566810
SHY;D;191120;000000;84.77;84.81;84.76;84.79;1647897
SHY;D;191121;000000;84.76;84.78;84.74;84.755;1170203
SHY;D;191122;000000;84.76;84.77;84.72;84.735;2859710
SHY;D;191125;000000;84.74;84.76;84.7232;84.74;3492522
SHY;D;191126;000000;84.79;84.8;84.77;84.79;1618546
SHY;D;191127;000000;84.77;84.77;84.73;84.74;989792
SHY;D;191129;000000;84.73;84.77;84.72;84.77;1173412
SHY;D;191202;000000;84.59;84.675;84.57;84.62;4016589
SHY;D;191203;000000;84.72;84.78;84.71;84.735;1949683
SHY;D;191204;000000;84.71;84.72;84.66;84.68;1579146
SHY;D;191205;000000;84.65;84.69;84.64;84.665;1750387
SHY;D;191206;000000;84.6;84.65;84.59;84.62;1858748
SHY;D;191209;000000;84.635;84.64;84.61;84.625;1379239
SHY;D;191210;000000;84.63;84.64;84.58;84.58;1042296
SHY;D;191211;000000;84.59;84.66;84.59;84.64;1143085
SHY;D;191212;000000;84.67;84.67;84.52;84.5687;1526915
SHY;D;191213;000000;84.64;84.69;84.6;84.6744;1557526
SHY;D;191216;000000;84.64;84.64;84.61;84.615;1453251
SHY;D;191217;000000;84.65;84.66;84.63;84.645;1596650
SHY;D;191218;000000;84.63;84.64;84.61;84.63;1390748
SHY;D;191219;000000;84.51;84.55;84.51;84.53;1366077
SHY;D;191220;000000;84.52;84.54;84.5;84.525;1242080
SHY;D;191223;000000;84.51;84.52;84.49;84.51;1916171
SHY;D;191224;000000;84.47;84.54;84.47;84.52;876244
SHY;D;191226;000000;84.555;84.56;84.53;84.56;872731
SHY;D;191227;000000;84.58;84.62;84.57;84.61;1264521
SHY;D;191230;000000;84.6;84.66;84.6;84.65;1496298
SHY;D;191231;000000;84.64;84.67;84.61;84.62;2816370
SHY;D;200102;000000;84.67;84.71;84.64;84.67;2554618
SHY;D;200103;000000;84.72;84.76;84.6901;84.735;1939335
SHY;D;200106;000000;84.73;84.74;84.68;84.72;1003233
SHY;D;200107;000000;84.72;84.73;84.7;84.72;1017366
SHY;D;200108;000000;84.72;84.74;84.66;84.68;1437792
SHY;D;200109;000000;84.645;84.7;84.64;84.69;1258086
SHY;D;200110;000000;84.69;84.72;84.69;84.7;909599
SHY;D;200113;000000;84.7;84.7;84.67;84.69;1191053
SHY;D;200114;000000;84.69;84.7292;84.69;84.705;2053364
SHY;D;200115;000000;84.73;84.74;84.71;84.73;2365088
SHY;D;200116;000000;84.73;84.74;84.71;84.7312;1812883
SHY;D;200117;000000;84.73;84.75;84.72;84.738;1171740
SHY;D;200121;000000;84.78;84.8;84.78;84.8;1775972
SHY;D;200122;000000;84.79;84.82;84.79;84.8;1737644
SHY;D;200123;000000;84.84;84.88;84.82;84.83;6749186
SHY;D;200124;000000;84.85;84.9;84.84;84.88;3599911
SHY;D;200127;000000;84.97;84.975;84.94;84.96;1703648
SHY;D;200128;000000;84.96;84.97;84.91;84.925;1100459
SHY;D;200129;000000;84.95;85;84.93;85;1160420
SHY;D;200130;000000;85.03;85.07;85;85.02;1019642
SHY;D;200131;000000;85.05;85.14;85.05;85.125;3607787
SHY;D;200203;000000;84.96;84.9764;84.91;84.952;3791527
SHY;D;200204;000000;84.88;84.89;84.84;84.87;1262682
SHY;D;200205;000000;84.82;84.84;84.81;84.825;2084604
SHY;D;200206;000000;84.81;84.83;84.8;84.825;1353028
SHY;D;200207;000000;84.87;84.9;84.86;84.88;1262834
SHY;D;200210;000000;84.93;84.9499;84.9;84.92;891766
SHY;D;200211;000000;84.89;84.9;84.86;84.88;1511243
SHY;D;200212;000000;84.85;84.86;84.84;84.85;1263458
SHY;D;200213;000000;84.87;84.89;84.85;84.862;1590585
SHY;D;200214;000000;84.9;84.91;84.89;84.895;1323164
SHY;D;200218;000000;84.93;84.95;84.91;84.93;1553132
SHY;D;200219;000000;84.91;84.92;84.89;84.91;1052353
SHY;D;200220;000000;84.93;84.98;84.93;84.965;1502904
SHY;D;200221;000000;84.995;85.0799;84.99;85.03;1701857
SHY;D;200224;000000;85.17;85.2;85.16;85.18;2560079
SHY;D;200225;000000;85.19;85.3;85.19;85.255;2651258
SHY;D;200226;000000;85.24;85.345;85.2231;85.295;2415992
SHY;D;200227;000000;85.44;85.4972;85.36;85.425;5632004
SHY;D;200228;000000;85.65;85.77;85.62;85.7417;8130763
SHY;D;200302;000000;85.72;85.8;85.57;85.5802;12327635
SHY;D;200303;000000;85.63;86.02;85.61;85.91;5774492
SHY;D;200304;000000;85.97;86.05;85.94;85.95;4987860
SHY;D;200305;000000;86.11;86.1373;86.07;86.0899;3418443
SHY;D;200306;000000;86.31;86.37;86.17;86.195;3881806
SHY;D;200309;000000;86.54;86.66;86.3699;86.61;26214119
SHY;D;200310;000000;86.3;86.37;86.15;86.23;11019692
SHY;D;200311;000000;86.3;86.32;86.18;86.19;7339669
SHY;D;200312;000000;86.3;86.54;86.19;86.22;11733163
SHY;D;200313;000000;86.05;86.32;85.95;86.275;8689720
SHY;D;200316;000000;86.58;86.73;86.4;86.44;11834749
SHY;D;200317;000000;86.49;86.53;86.27;86.27;8549524
SHY;D;200318;000000;86.22;86.78;86.13;86.15;10969657
SHY;D;200319;000000;86.22;86.53;86.22;86.32;12449497
SHY;D;200320;000000;86.38;86.63;86.38;86.525;10392014
SHY;D;200323;000000;86.71;86.73;86.56;86.6;8560523
SHY;D;200324;000000;86.495;86.57;86.48;86.49;7883807
SHY;D;200325;000000;86.49;86.63;86.49;86.57;5695540
SHY;D;200326;000000;86.59;86.71;86.58;86.68;8199961
SHY;D;200327;000000;86.7;86.7;86.52;86.69;20617566
SHY;D;200330;000000;86.73;86.76;86.66;86.69;5069256
SHY;D;200331;000000;86.72;86.78;86.67;86.7;5033134
SHY;D;200401;000000;86.62;86.67;86.58;86.62;6585152
SHY;D;200402;000000;86.64;86.67;86.62;86.64;5602832
SHY;D;200403;000000;86.605;86.7;86.58;86.62;4731116
SHY;D;200406;000000;86.58;86.61;86.55;86.56;4579713
SHY;D;200407;000000;86.51;86.57;86.49;86.56;7198460
SHY;D;200408;000000;86.54;86.62;86.54;86.57;4770593
SHY;D;200409;000000;86.59;86.65;86.58;86.6;5071756
SHY;D;200413;000000;86.63;86.63;86.59;86.6;2963368
SHY;D;200414;000000;86.62;86.65;86.59;86.62;4412300
SHY;D;200415;000000;86.68;86.7;86.65;86.66;4002261
SHY;D;200416;000000;86.68;86.7;86.66;86.66;2113796
SHY;D;200417;000000;86.66;86.69;86.65;86.65;3089213
SHY;D;200420;000000;86.67;86.69;86.65;86.66;5787770
SHY;D;200421;000000;86.675;86.69;86.65;86.665;3473887
SHY;D;200422;000000;86.66;86.66;86.64;86.655;4305816
SHY;D;200423;000000;86.635;86.66;86.62;86.635;2612918
SHY;D;200424;000000;86.64;86.66;86.63;86.63;2749321
SHY;D;200427;000000;86.63;86.64;86.6;86.62;4489644
SHY;D;200428;000000;86.67;86.68;86.65;86.655;3519394
SHY;D;200429;000000;86.68;86.69;86.65;86.66;3801983
SHY;D;200430;000000;86.66;86.71;86.66;86.68;7685523
SHY;D;200501;000000;86.62;86.62;86.57;86.59;4761366
SHY;D;200504;000000;86.585;86.64;86.58;86.61;5323523
SHY;D;200505;000000;86.605;86.62;86.59;86.6;4202411
SHY;D;200506;000000;86.6;86.62;86.59;86.62;1682412
SHY;D;200507;000000;86.62;86.7;86.61;86.685;2104028
SHY;D;200508;000000;86.69;86.73;86.65;86.66;2492909
SHY;D;200511;000000;86.67;86.67;86.6;86.62;3646368
SHY;D;200512;000000;86.62;86.65;86.6;86.645;2276615
SHY;D;200513;000000;86.66;86.68;86.64;86.67;3317290
SHY;D;200514;000000;86.66;86.69;86.65;86.665;2004846
SHY;D;200515;000000;86.69;86.7;86.67;86.68;1848042
SHY;D;200518;000000;86.67;86.67;86.61;86.625;2425976
SHY;D;200519;000000;86.62;86.65;86.62;86.65;2717384
SHY;D;200520;000000;86.63;86.67;86.63;86.64;3286219
SHY;D;200521;000000;86.65;86.66;86.635;86.65;3029371
SHY;D;200522;000000;86.6574;86.67;86.64;86.65;2284712
SHY;D;200526;000000;86.63;86.65;86.62;86.63;3824164
SHY;D;200527;000000;86.63;86.67;86.62;86.62;3197725
SHY;D;200528;000000;86.63;86.65;86.62;86.64;3211580
SHY;D;200529;000000;86.64;86.68;86.64;86.66;6336576
SHY;D;200601;000000;86.585;86.6;86.56;86.59;6484616
SHY;D;200602;000000;86.58;86.59;86.56;86.57;3215992
SHY;D;200603;000000;86.56;86.56;86.51;86.52;3594020
SHY;D;200604;000000;86.52;86.54;86.5;86.525;3683076
SHY;D;200605;000000;86.49;86.5;86.47;86.49;3536038
SHY;D;200608;000000;86.48;86.51;86.46;86.48;3641769
SHY;D;200609;000000;86.49;86.52;86.49;86.505;7428868
SHY;D;200610;000000;86.54;86.58;86.525;86.57;2296024
SHY;D;200611;000000;86.57;86.58;86.53;86.53;2696072
SHY;D;200612;000000;86.54;86.56;86.53;86.54;2848380
SHY;D;200615;000000;86.55;86.565;86.54;86.545;2895786
SHY;D;200616;000000;86.53;86.56;86.52;86.53;4836704
SHY;D;200617;000000;86.53;86.55;86.53;86.54;3052177
SHY;D;200618;000000;86.56;86.56;86.54;86.55;1720657
SHY;D;200619;000000;86.55;86.58;86.54;86.555;3334270
SHY;D;200622;000000;86.56;86.57;86.54;86.55;2387034
SHY;D;200623;000000;86.55;86.56;86.54;86.55;2513966
SHY;D;200624;000000;86.55;86.57;86.54;86.5646;1908938
SHY;D;200625;000000;86.56;86.58;86.56;86.565;1560394
SHY;D;200626;000000;86.57;86.61;86.57;86.6;3905512
SHY;D;200629;000000;86.5965;86.62;86.59;86.61;2465676
SHY;D;200630;000000;86.63;86.63;86.6;86.62;4026112
SHY;D;200701;000000;86.56;86.56;86.52;86.525;4264990
SHY;D;200702;000000;86.54;86.56;86.52;86.55;2354398
SHY;D;200706;000000;86.54;86.55;86.53;86.54;3110467
SHY;D;200707;000000;86.535;86.55;86.53;86.54;2732819
SHY;D;200708;000000;86.55;86.56;86.54;86.54;3280383
SHY;D;200709;000000;86.55;86.57;86.54;86.555;2170683
SHY;D;200710;000000;86.58;86.58;86.54;86.545;2295686
SHY;D;200713;000000;86.54;86.55;86.53;86.545;2061576
SHY;D;200714;000000;86.5609;86.57;86.54;86.555;1811320
SHY;D;200715;000000;86.54;86.56;86.53;86.549;4170274
SHY;D;200716;000000;86.57;86.58;86.555;86.57;1472652
SHY;D;200717;000000;86.57;86.58;86.55;86.56;1695977
SHY;D;200720;000000;86.58;86.58;86.55;86.56;3342792
SHY;D;200721;000000;86.55;86.58;86.55;86.57;3641362
SHY;D;200722;000000;86.58;86.58;86.56;86.565;3394417
SHY;D;200723;000000;86.57;86.579;86.56;86.56;2004583
SHY;D;200724;000000;86.57;86.58;86.56;86.57;2812535
SHY;D;200727;000000;86.58;86.58;86.54;86.555;1898492
SHY;D;200728;000000;86.56;86.58;86.56;86.58;1829857
SHY;D;200729;000000;86.58;86.6;86.57;86.6;2167786
SHY;D;200730;000000;86.6;86.62;86.6;86.61;1860366
SHY;D;200731;000000;86.629;86.63;86.61;86.63;2888499
SHY;D;200803;000000;86.56;86.58;86.56;86.57;2700368
SHY;D;200804;000000;86.58;86.58;86.57;86.58;2629110
SHY;D;200805;000000;86.57;86.58;86.56;86.57;2502206
SHY;D;200806;000000;86.57;86.59;86.56;86.56;1601717
SHY;D;200807;000000;86.56;86.57;86.55;86.55;3632343
SHY;D;200810;000000;86.56;86.56;86.53;86.54;1853782
SHY;D;200811;000000;86.52;86.53;86.49;86.52;2853751
SHY;D;200812;000000;86.5;86.51;86.49;86.5;3841065
SHY;D;200813;000000;86.4922;86.5;86.48;86.485;1714461
SHY;D;200814;000000;86.5;86.52;86.49;86.51;2337584
SHY;D;200817;000000;86.52;86.52;86.5;86.51;2443721
SHY;D;200818;000000;86.51;86.53;86.51;86.52;1864983
SHY;D;200819;000000;86.53;86.53;86.51;86.5191;1893636
SHY;D;200820;000000;86.53;86.54;86.52;86.53;1684307
SHY;D;200821;000000;86.53;86.54;86.51;86.52;2721780
SHY;D;200824;000000;86.515;86.53;86.5;86.5;2475281
SHY;D;200825;000000;86.49;86.51;86.48;86.51;1642584
SHY;D;200826;000000;86.51;86.51;86.49;86.51;2529930
SHY;D;200827;000000;86.53;86.54;86.49;86.5;2343548
SHY;D;200828;000000;86.52;86.55;86.52;86.54;3103804
SHY;D;200831;000000;86.53;86.55;86.53;86.545;1947568
SHY;D;200901;000000;86.49;86.5;86.48;86.49;2512503
SHY;D;200902;000000;86.48;86.5;86.48;86.49;3169414
SHY;D;200903;000000;86.5;86.52;86.49;86.5009;2256337
SHY;D;200904;000000;86.49;86.5;86.45;86.47;2458210
SHY;D;200908;000000;86.48;86.49;86.47;86.47;1539543
SHY;D;200909;000000;86.47;86.48;86.46;86.48;2102417
SHY;D;200910;000000;86.46;86.49;86.46;86.47;2339380
SHY;D;200911;000000;86.48;86.51;86.48;86.49;1608077
SHY;D;200914;000000;86.5;86.5;86.48;86.485;1483007
SHY;D;200915;000000;86.48;86.49;86.48;86.49;1845426
SHY;D;200916;000000;86.49;86.5;86.47;86.485;2152361
SHY;D;200917;000000;86.5;86.51;86.49;86.5;1920784
SHY;D;200918;000000;86.5;86.51;86.48;86.49;2063660
SHY;D;200921;000000;86.5;86.5;86.49;86.49;3665582
SHY;D;200922;000000;86.49;86.5;86.48;86.5;1531583
SHY;D;200923;000000;86.49;86.5;86.48;86.49;2509376
SHY;D;200924;000000;86.49;86.5;86.48;86.485;2143498
SHY;D;200925;000000;86.5;86.51;86.5;86.5;1592316
SHY;D;200928;000000;86.5065;86.51;86.49;86.505;2071698
SHY;D;200929;000000;86.51;86.515;86.5;86.5;2105077
SHY;D;200930;000000;86.51;86.51;86.49;86.5;2783700
SHY;D;201001;000000;86.45;86.47;86.45;86.45;3585842
SHY;D;201002;000000;86.46;86.47;86.44;86.45;2564307
SHY;D;201005;000000;86.45;86.45;86.42;86.42;2296565
SHY;D;201006;000000;86.43;86.44;86.42;86.42;2272383
SHY;D;201007;000000;86.4;86.42;86.4;86.41;2432402
SHY;D;201008;000000;86.42;86.43;86.41;86.42;1863070
SHY;D;201009;000000;86.43;86.43;86.41;86.41;1790765
SHY;D;201012;000000;86.42;86.43;86.41;86.42;2029247
SHY;D;201013;000000;86.4264;86.45;86.42;86.44;4792740
SHY;D;201014;000000;86.43;86.45;86.43;86.435;7579543
SHY;D;201015;000000;86.44;86.46;86.43;86.44;6473307
SHY;D;201016;000000;86.4441;86.45;86.43;86.44;1390106
SHY;D;201019;000000;86.42;86.44;86.41;86.44;1819802
SHY;D;201020;000000;86.43;86.439;86.42;86.425;1652047
SHY;D;201021;000000;86.42;86.43;86.41;86.4215;1551153
SHY;D;201022;000000;86.42;86.43;86.4;86.41;2346724
SHY;D;201023;000000;86.42;86.43;86.41;86.42;1884211
SHY;D;201026;000000;86.42;86.43;86.41;86.43;1946685
SHY;D;201027;000000;86.43;86.44;86.42;86.425;1173829
SHY;D;201028;000000;86.43;86.44;86.42;86.4301;4077000
SHY;D;201029;000000;86.43;86.44;86.42;86.4201;2823920
SHY;D;201030;000000;86.44;86.44;86.41;86.43;3049256
SHY;D;201102;000000;86.384;86.39;86.37;86.375;2980846
SHY;D;201103;000000;86.37;86.3757;86.35;86.36;1550416
SHY;D;201104;000000;86.39;86.41;86.38;86.39;3457554
SHY;D;201105;000000;86.39;86.4;86.38;86.39;3884499
SHY;D;201106;000000;86.39;86.39;86.37;86.3735;1960729
SHY;D;201109;000000;86.34;86.35;86.32;86.34;4866878
SHY;D;201110;000000;86.32;86.34;86.32;86.33;2594342
SHY;D;201111;000000;86.32;86.33;86.31;86.325;2292659
SHY;D;201112;000000;86.35;86.36;86.33;86.35;2907100
SHY;D;201113;000000;86.35;86.355;86.33;86.34;2935929
SHY;D;201116;000000;86.3431;86.356341;86.33;86.34;3255943
SHY;D;201117;000000;86.34;86.36;86.34;86.35;2713635
SHY;D;201118;000000;86.35;86.36;86.34;86.355;2033058
SHY;D;201119;000000;86.35;86.37;86.35;86.35;1717613
SHY;D;201120;000000;86.38;86.38;86.37;86.38;1665034
SHY;D;201123;000000;86.37;86.38;86.37;86.37;1235445
SHY;D;201124;000000;86.37;86.38;86.37;86.37;2332117
SHY;D;201125;000000;86.38;86.39;86.38;86.38;2126847
SHY;D;201127;000000;86.39;86.4;86.39;86.39;1329396
SHY;D;201130;000000;86.4085;86.41;86.39;86.4;2976305
SHY;D;201201;000000;86.34;86.35;86.32;86.33;5910447
SHY;D;201202;000000;86.33;86.35;86.32;86.34;2104156
SHY;D;201203;000000;86.355;86.36;86.35;86.36;2374566
SHY;D;201204;000000;86.35;86.36;86.34;86.35;2593343
SHY;D;201207;000000;86.3632;86.38;86.36;86.37;2774385
SHY;D;201208;000000;86.37;86.38;86.36;86.361;1771403
SHY;D;201209;000000;86.36;86.36;86.35;86.355;1982167
SHY;D;201210;000000;86.38;86.39;86.36;86.38;2403425
SHY;D;201211;000000;86.409;86.42;86.4;86.41;1665249
SHY;D;201214;000000;86.4;86.42;86.4;86.42;2616912
SHY;D;201215;000000;86.4115;86.42;86.4;86.41;1817653
SHY;D;201216;000000;86.4;86.41;86.395;86.41;1311438
SHY;D;201217;000000;86.39;86.39;86.36;86.37;2251825
SHY;D;201218;000000;86.37;86.38;86.37;86.37;2733009
SHY;D;201221;000000;86.37;86.38;86.36;86.37;1991337
SHY;D;201222;000000;86.37;86.39;86.37;86.385;1545750
SHY;D;201223;000000;86.37;86.39;86.37;86.38;2555591
SHY;D;201224;000000;86.37;86.39;86.37;86.37;980085
SHY;D;201228;000000;86.36;86.38;86.36;86.38;1606484
SHY;D;201229;000000;86.38;86.38;86.37;86.38;1751998
SHY;D;201230;000000;86.37;86.39;86.37;86.3881;1180685
SHY;D;201231;000000;86.3835;86.39;86.36;86.37;1727442
